{"f1": 0.7597086866636836, "accuracy": 0.813978494623656, "precision": 0.7075450933726941, "recall": 0.8629629629629629, "f1_std": 0.1200763152427021, "accuracy_std": 0.18686523527248447, "precision_std": 0.16340827253044046, "recall_std": 0.09246905338801976}