{"best_params": {"num_train_epochs": 43, "batch_size": 32, "clf_loss_factor": 0.060199065291158975, "num_repeats": 1, "symetric_mode": true, "inference_direction": "both"}, "f1": 0.2893847194050034, "accuracy": 0.5860215053763441, "precision": 0.42333333333333334, "recall": 0.5, "f1_std": 0.3117198251072542, "accuracy_std": 0.17487587061602794, "precision_std": 0.10842303978193728, "recall_std": 0.6547285010986551, "trial_number": 0, "total_trials": 2}