{
  "augment_factor": 0,
  "min_df": 1,
  "learning_rate": 0.02234834090609406,
  "max_features": 8000,
  "hidden_size_1": 192,
  "n_layers": 1,
  "smote": true,
  "smote_k_neighbors": 2,
  "dropout": 0.49170199289607197,
  "epochs": 70,
  "threshold": 0.4730204225588564,
  "use_focal_loss": false
}