{
  "augment_factor": 0,
  "min_df": 1,
  "learning_rate": 0.01009312817652653,
  "max_features": 3000,
  "hidden_size_1": 208,
  "n_layers": 1,
  "smote": false,
  "dropout": 0.25349231522637694,
  "epochs": 40,
  "threshold": 0.1474047296307867,
  "use_focal_loss": true,
  "focal_alpha": 0.40281580503005526,
  "focal_gamma": 1.0897969283968598
}