{
  "best_params": {
    "min_df": 1,
    "learning_rate": 0.012812677830603367,
    "max_features": 10000,
    "hidden_size_1": 112,
    "n_layers": 1,
    "dropout": 0.41617363961580706,
    "epochs": 40,
    "threshold": 0.5407838140616388,
    "use_focal_loss": true,
    "focal_alpha": 0.2420586499279586,
    "focal_gamma": 1.4894021090062124
  },
  "best_metrics": {
    "f1_score": 0.765631323103667,
    "accuracy": 0.864516129032258,
    "precision": 0.7383440218192541,
    "recall": 0.8058823529411765,
    "f1_std": 0.0361188216105018,
    "accuracy_std": 0.025194353793247252,
    "precision_std": 0.06948646534798701,
    "recall_std": 0.07463869141440893
  },
  "trial_number": 91,
  "total_trials": 100
}